nama,jual,hpp,dasar,margin,platform,margin_platform,asal,ver,kurang
TELUR KRISPI,2000.0,2000.0,resep,0.0,2500.0,10.0,klien,0.0,TELUR (100%)
YUKSSS RAMA 3,21000.0,17416.662267627387,resep,17.06351301129816,23500.0,15.886543542011117,lantai,69.36366226662247,AIR GALON (1%) | ES KRISTAL (4%) | NUGGET AYAM (26%)
YUKSSS RAMA 2,19500.0,15916.66226762739,resep,18.37609093524416,21500.0,15.969012708709817,lantai,75.90055371097696,AIR GALON (1%) | ES KRISTAL (5%) | NUGGET AYAM (19%)
GEPREK ORIGINAL PAHA BAWAH,12000.0,9004.277098474,resep,24.96435751271666,13500.0,23.301651122414814,klien,91.94827089314178,ES KRISTAL (8%)
NUGGET,2000.0,1500.0,resep,25.0,2500.0,30.0,klien,0.0,NUGGET AYAM (100%)
MOZZARELLA,9500.0,6666.501789781973,resep,29.826296949663444,10500.0,26.509506763981218,komponen,100.0,
GEPREK ORIGINAL SAYAP,13000.0,9004.277098474,resep,30.736330011738467,14500.0,27.901537251903445,klien,91.94827089314178,ES KRISTAL (8%)
BLACKCURRANT,8500.0,5624.754054082729,resep,33.82642289314436,9500.0,30.792062588602846,lantai,4.475217416690834,AIR GALON (3%) | BUBUK BLACKCURRENT (81%) | ES KRISTAL (12%)
PKG MIE (AYAM GEPREK+SAMBAL LOKAL+INDOMIE),19500.0,12192.301805038425,resep,37.475375358777306,21500.0,33.291619511449184,komponen+lantai,92.51146566772879,AIR GALON (2%) | ES KRISTAL (6%)
GEPREK ORIGINAL DADA/PAHA ATAS,15000.0,9004.277098474,resep,39.97148601017333,16500.0,35.42862364561212,klien,91.94827089314178,ES KRISTAL (8%)
GEPREK BAKAR ANDALAN,17000.0,10135.492037187485,resep,40.379458604779494,19000.0,36.65530506743429,komponen,92.8469185576788,ES KRISTAL (7%)
PKG SAMBAL ORI SAYAP,21000.0,12482.990959703004,resep,40.55718590617617,23500.0,36.88088953317871,komponen+lantai,84.41096876014458,AIR GALON (1%) | AIR GALON (2%) | ES KRISTAL (6%) | ES KRISTAL (7%)
KOREK,5000.0,2939.794941692429,resep,41.20410116615142,5500.0,36.54918287831948,klien,100.0,
PKG SAMBAL ORI PAHA BAWAH,21000.0,12244.660948353876,resep,41.6920907221244,23500.0,37.895059794238826,komponen+lantai,84.10754394438304,AIR GALON (1%) | AIR GALON (2%) | ES KRISTAL (6%) | ES KRISTAL (7%)
AYAM CRISPY PAHA BAWAH,11000.0,6397.842113883938,resep,41.83779896469147,12500.0,38.8172630889285,klien,88.66805421117411,ES KRISTAL (11%)
PAKET MEVVAH BERDUA,53500.0,30578.802291047217,resep,42.84336020365006,59000.0,38.17152154059794,komponen,75.20509320873025,AIR GALON (0%) | AIR GALON (1%) | AIR GALON (2%) | ES KRISTAL (2%) | ES KRISTAL (2%) | ES KRISTAL (4%) | TELUR (13%)
MENU SAMBAL KOREK SURABAYA,5500.0,3126.434984590062,resep,43.15572755290796,6500.0,41.90100023707597,komponen,100.0,
MENU SAMBAL ORIGINAL,5500.0,3126.434984590062,resep,43.15572755290796,6500.0,41.90100023707597,komponen,100.0,
PAKET AYAM CRISPY PAHA BAWAH,17000.0,9638.225963763814,resep,43.304553154330506,19000.0,39.272494927558874,komponen+lantai,79.80979728331138,AIR GALON (1%) | AIR GALON (2%) | ES KRISTAL (8%) | ES KRISTAL (9%)
PAKET AYAM CRISPY SAYAP,17000.0,9638.225963763814,resep,43.304553154330506,19000.0,39.272494927558874,komponen+lantai,79.80979728331138,AIR GALON (1%) | AIR GALON (2%) | ES KRISTAL (8%) | ES KRISTAL (9%)
YUKSSS RAMA 1,25000.0,13906.462261853967,resep,44.37415095258414,28000.0,40.33406335052155,lantai,83.20329476894109,AIR GALON (1%) | ES KRISTAL (5%) | NUGGET AYAM (11%)
GEPREK ANDALAN + NASI,20500.0,11397.677200567452,resep,44.40157463137828,23000.0,40.44488173666325,komponen,92.66668585639148,AIR GALON (1%) | ES KRISTAL (6%)
PKG INDOMIE GEPREK SAMBAL LOKAL,22000.0,12192.301805038425,resep,44.580446340734426,24500.0,40.23550283657786,klien,92.51146566772879,AIR GALON (2%) | ES KRISTAL (6%)
PAKET SETIA GO,34500.0,19111.313462293703,resep,44.604888515090714,38000.0,39.7070698360692,lantai,89.87166037530781,AIR GALON (1%) | AIR GALON (1%) | AIR GALON (1%) | ES KRISTAL (3%) | ES KRISTAL (4%)
BIG HEMAT 4,19000.0,10266.462261853967,resep,45.96598809550544,21000.0,41.11208446736207,lantai,91.85866121285366,AIR GALON (1%) | ES KRISTAL (7%)
PAKET YUKSSS MABAR,47500.0,25570.962755255787,resep,46.1663941994615,52500.0,41.29340427570327,lantai,84.77978808227344,AIR GALON (1%) | AIR GALON (2%) | ES KRISTAL (3%) | ES KRISTAL (3%) | ES KRISTAL (7%)
AYAM CRISPY SAYAP,12000.0,6397.842113883938,resep,46.68464905096719,13500.0,42.60857693419305,klien,88.66805421117411,ES KRISTAL (11%)
SEGEPOK BERLIMA,129000.0,68598.07234497159,resep,46.823199732580164,142000.0,41.69149834861155,klien,87.49777027836008,AIR GALON (0%) | AIR GALON (0%) | AIR GALON (0%) | AIR GALON (0%) | AIR GALON (1%) | AIR GALON (2%) | BUBUK KEJU (2%) | BUBUK KEJU (2%) | ES KRISTAL (6%)
PKG SAMBAL ORI DADA/PAHA ATAS,23500.0,12482.990959703004,resep,46.8808895331787,26000.0,41.9884963088346,komponen+lantai,84.41096876014458,AIR GALON (1%) | AIR GALON (2%) | ES KRISTAL (6%) | ES KRISTAL (7%)
PAKET INDOMIE CRISPY PAHA BAWAH,18500.0,9585.866820448364,resep,48.18450367325209,20500.0,43.23967404659334,komponen+lantai,90.47530365624546,AIR GALON (2%) | ES KRISTAL (8%)
PKC MIE (CRISPY SAYAP/PAHA BAWAH+INDOMIE),19000.0,9585.866820448364,resep,49.54806936606124,21000.0,44.35301514072208,komponen,90.47530365624546,AIR GALON (2%) | ES KRISTAL (8%)
PKG INDOMIE CRISPY SAYAP,19000.0,9585.866820448364,resep,49.54806936606124,21000.0,44.35301514072208,komponen,90.47530365624546,AIR GALON (2%) | ES KRISTAL (8%)
GEPREK SAMBAL RICA MANADO,17000.0,8544.782225585715,resep,49.736575143613436,19000.0,45.02746197060149,klien,91.5152899060537,ES KRISTAL (8%)
GEPREK MOZAA,25000.0,12544.343903665911,resep,49.822624385336354,28000.0,45.19877177262175,klien,94.22050283723384,ES KRISTAL (6%)
PKG LOKAL DUO,52500.0,26323.464180262155,resep,49.86006822807209,58000.0,44.614716930582496,lantai,92.93527765869446,AIR GALON (0%) | AIR GALON (0%) | AIR GALON (1%) | ES KRISTAL (3%) | ES KRISTAL (3%)
TELUR DADAR/CEPLOK,5000.0,2506.600107244082,resep,49.867997855118354,5500.0,44.42545259556214,klien,20.21064731386576,TELUR (80%)
GEPREK SAMBAL KOREK SURABAYA,18000.0,9004.277098474,resep,49.97623834181111,20000.0,44.97861450763,klien,91.94827089314178,ES KRISTAL (8%)
PAKET GEPREK BAKAR,50000.0,24726.441585294557,resep,50.54711682941089,55500.0,45.44785299946927,komponen+lantai,93.23940348384666,AIR GALON (1%) | ES KRISTAL (6%)
PARUTAN KEJU,7500.0,3666.5001074575543,resep,51.11333190056595,8500.0,46.864704618146426,komponen,100.0,
PKG GEPREK BAKAR ANDALAN,23500.0,11397.677200567452,resep,51.49924595503212,26000.0,46.162779997817495,komponen+lantai,92.66668585639148,AIR GALON (1%) | ES KRISTAL (6%)
MENU SAMBAL RICA MANADO,5500.0,2666.9401117017774,resep,51.51017978724042,6500.0,48.97015212766496,komponen,100.0,
RICA,5000.0,2393.979048963989,resep,52.12041902072022,5500.0,46.47310820065474,klien,100.0,
PAKET SETIA AC,34500.0,16504.878477703638,resep,52.15977252839525,38000.0,46.56610926920095,lantai,88.27220244720073,AIR GALON (1%) | AIR GALON (1%) | AIR GALON (2%) | ES KRISTAL (4%) | ES KRISTAL (4%)
GEPREK SAOS KEJU  SAYAP/PAHA BAWAH,15000.0,7095.692560709675,resep,52.695382928602164,16500.0,46.99580266236561,komponen,72.61929783170562,AIR GALON (0%) | BUBUK KEJU (17%) | ES KRISTAL (10%)
AYAM SEGEPOK SINGLE,89000.0,42007.319062848386,resep,52.80076509792316,98000.0,47.1353887113792,klien,97.05836763397657,AIR GALON (0%) | AIR GALON (0%) | BUBUK KEJU (3%)
GEPREK SAOS BBQ SAYAP/PAHA BAWAH,14000.0,6607.692560709675,resep,52.8021959949309,15500.0,47.36972541477629,komponen,88.75779343544468,AIR GALON (0%) | ES KRISTAL (11%)
BIG HEMAT 3,17500.0,8231.357288613033,resep,52.96367263649695,19500.0,47.78791134044598,lantai,89.84581224109526,AIR GALON (1%) | ES KRISTAL (9%)
LEMON TEA,8000.0,3724.754054082729,resep,53.4405743239659,9000.0,48.61384384352524,klien,78.17214051711086,AIR GALON (4%) | ES KRISTAL (17%)
PAKET AYAM CRISPY DADA/PAHA ATAS,21000.0,9638.225963763814,resep,54.10368588683898,23500.0,48.98627249462207,komponen+lantai,79.80979728331138,AIR GALON (1%) | AIR GALON (2%) | ES KRISTAL (8%) | ES KRISTAL (9%)
PKC (PAHA BAWAH+NASI+MINUM),21000.0,9638.225963763814,resep,54.10368588683898,23500.0,48.98627249462207,komponen,79.80979728331138,AIR GALON (1%) | AIR GALON (2%) | ES KRISTAL (8%) | ES KRISTAL (9%)
AYAM CRISPY DADA/PAHA ATAS,14000.0,6397.842113883938,resep,54.30112775797187,15500.0,48.72359926526492,klien,88.66805421117411,ES KRISTAL (11%)
BIG HEMAT 1,18500.0,8231.357288613033,resep,55.50617681830793,20500.0,49.84703761652179,lantai,89.84581224109526,AIR GALON (1%) | ES KRISTAL (9%)
BIG HEMAT 2,18500.0,8231.357288613033,resep,55.50617681830793,20500.0,49.84703761652179,lantai,89.84581224109526,AIR GALON (1%) | ES KRISTAL (9%)
TELUR CRISPY,7500.0,3321.7904748365604,resep,55.70946033551253,8500.0,50.92011206074636,komponen,39.43325706047687,AIR GALON (0%) | TELUR (60%)
ES TEH,5000.0,2195.1986864999085,resep,56.09602627000183,5500.0,50.08729660909257,klien,49.42827303006326,AIR GALON (11%) | ES KRISTAL (40%)
PKC (SAYAP+NASI+MINUM),22000.0,9638.225963763814,resep,56.189881982891755,24500.0,50.66030218871912,komponen,79.80979728331138,AIR GALON (1%) | AIR GALON (2%) | ES KRISTAL (8%) | ES KRISTAL (9%)
GEPREK SAMBAL IJO PADANG,17000.0,7440.015556674327,resep,56.23520260779809,19000.0,50.8420233859246,klien,90.25539671957253,ES KRISTAL (10%)
PKG SAMBAL KOREK SURABAYA (GEPREK SAMBAL +NASI),23500.0,10266.462261853967,resep,56.31292654530227,26000.0,50.513606685177045,komponen+lantai,91.85866121285366,AIR GALON (1%) | ES KRISTAL (7%)
PAKET INDOMIE CRISPY DADA/PAHA ATAS,22000.0,9585.866820448364,resep,56.427878088871076,24500.0,50.87401297776179,komponen+lantai,90.47530365624546,AIR GALON (2%) | ES KRISTAL (8%)
PKC MIE (CRISPY DADA/PAHA ATAS+INDOMIE),22000.0,9585.866820448364,resep,56.427878088871076,24500.0,50.87401297776179,komponen+lantai,90.47530365624546,AIR GALON (2%) | ES KRISTAL (8%)
GEPREK SAOS KEJU  DADA/PAHA ATAS,16500.0,7095.692560709675,resep,56.99580266236561,18500.0,51.64490507724501,komponen,72.61929783170562,AIR GALON (0%) | BUBUK KEJU (17%) | ES KRISTAL (10%)
PAKET AYAM SEGEPOK BEREMPAT,124000.0,53296.319062848386,resep,57.01909752996097,136500.0,50.95507760963488,komponen+lantai,76.49987632563887,AIR GALON (0%) | AIR GALON (0%) | BUBUK KEJU (2%) | ES TEH (10%) | NASI (11%)
PAKET KULIT CRISPY,16500.0,7058.683842465207,resep,57.220097924453285,18500.0,51.844952202890774,komponen,82.7024784276213,AIR GALON (2%) | AIR GALON (3%) | ES KRISTAL (12%)
GEPREK SAOS BBQ DADA/PAHA ATAS,15500.0,6607.692560709675,resep,57.3697254147763,17500.0,52.24175679594472,komponen,88.75779343544468,AIR GALON (0%) | ES KRISTAL (11%)
ICE COLA,7000.0,2923.519892129487,resep,58.23543011243591,8000.0,53.45600134838141,klien,77.7665272006567,ES KRISTAL (22%)
PKG SAMBAL RICA MANADO (GEPREK SAMBAL +NASI),23500.0,9806.967388965682,resep,58.26822387674178,26000.0,52.2808946578243,komponen+lantai,91.4772075704821,AIR GALON (1%) | ES KRISTAL (7%)
PAKET GEPREK KEJU LUMER (SAYAP/PAHA BAWAH),21000.0,8357.877724089642,resep,60.2005822662398,23500.0,54.43456287621429,komponen+lantai,75.4282368226261,AIR GALON (0%) | AIR GALON (1%) | BUBUK KEJU (14%) | ES KRISTAL (9%)
GEPREK SAMBAL TOMAT MALINO,15500.0,6150.8031766217255,resep,60.317398860505,17500.0,54.85255327644729,komponen,88.21292148063499,ES KRISTAL (12%)
PKC (CRISPY DADA/PAHA ATAS+NASI+MINUM),24500.0,9638.225963763814,resep,60.660302188719115,27000.0,54.302866800874774,komponen,79.80979728331138,AIR GALON (1%) | AIR GALON (2%) | ES KRISTAL (8%) | ES KRISTAL (9%)
PKG (AYAM GEPREK+ SAMBAL+NASI+ES TEH),24500.0,9638.225963763814,resep,60.660302188719115,27000.0,54.302866800874774,komponen,79.80979728331138,AIR GALON (1%) | AIR GALON (2%) | ES KRISTAL (8%) | ES KRISTAL (9%)
KULIT CRISPY,10000.0,3818.2999925853305,resep,61.8170000741467,11000.0,55.288181885587896,klien,100.0,
ICE CHOCOLATE,15000.0,5656.826493875308,resep,62.28782337416461,16500.0,55.71620306742236,klien,83.88130598611502,AIR GALON (5%) | ES KRISTAL (11%)
INDOMIE,8500.0,3188.024706564426,resep,62.49382698159498,9500.0,56.44184519405867,komponen,94.10215654297576,AIR GALON (6%)
PAKET GEPREK SMOKEY BBQ (SAYAP/PAHA BAWAH),21000.0,7869.877724089642,resep,62.52439179004933,23500.0,56.51115862089514,komponen+lantai,89.15258977398479,AIR GALON (0%) | AIR GALON (1%) | ES KRISTAL (9%)
GEPREK SAOS KEJU LUMER,19000.0,7095.692560709675,resep,62.654249680475395,21000.0,56.21098780614441,klien,72.61929783170562,AIR GALON (0%) | BUBUK KEJU (17%) | ES KRISTAL (10%)
PKG SAMBAL IJO PADANG (GEPREK SAMBAL +NASI),23500.0,8702.200720054294,resep,62.96935863806683,26000.0,56.529997230560404,komponen+lantai,90.39521724354294,AIR GALON (1%) | ES KRISTAL (8%)
PAKET GEPREK KEJU LUMER (DADA/PAHA ATAS),23500.0,8357.877724089642,resep,64.4345628762143,26000.0,57.854316445809076,komponen+lantai,75.4282368226261,AIR GALON (0%) | AIR GALON (1%) | BUBUK KEJU (14%) | ES KRISTAL (9%)
PAKET GEPREK LUMER,23500.0,8357.877724089642,resep,64.4345628762143,26000.0,57.854316445809076,komponen+lantai,75.4282368226261,AIR GALON (0%) | AIR GALON (1%) | BUBUK KEJU (14%) | ES KRISTAL (9%)
GEPREK SMOKEY BBQ,19000.0,6607.692560709675,resep,65.22267073310697,21000.0,58.53479732995394,klien,88.75779343544468,AIR GALON (0%) | ES KRISTAL (11%)
GEPREK KEJU,21000.0,7095.692560709675,resep,66.2109878061444,23500.0,59.8055635714482,klien,72.61929783170562,AIR GALON (0%) | BUBUK KEJU (17%) | ES KRISTAL (10%)
PAKET GEPREK SMOKEY BBQ (DADA/PAHA ATAS),23500.0,7869.877724089642,resep,66.51115862089515,26000.0,59.731239522732146,komponen+lantai,89.15258977398479,AIR GALON (0%) | AIR GALON (1%) | ES KRISTAL (9%)
PKG SMOKEY BBQ,23500.0,7869.877724089642,resep,66.51115862089515,26000.0,59.731239522732146,komponen+lantai,89.15258977398479,AIR GALON (0%) | AIR GALON (1%) | ES KRISTAL (9%)
TAHU CRISPY,7500.0,2459.8502412991857,resep,67.20199678267753,8500.0,61.06058539648017,komponen,96.34124067843797,TAHU (4%)
PKG SAMBAL TOMAT MALINO (GEPREK SAMBAL + NASI),23500.0,7412.988340001693,resep,68.45536876595024,26000.0,61.488506384608876,komponen+lantai,88.72482410795394,AIR GALON (1%) | ES KRISTAL (10%)
PAKET KULIT CRISPY + NASI + MINUM,23500.0,7058.683842465207,resep,69.96304747887146,26000.0,62.851215990518426,komponen,82.7024784276213,AIR GALON (2%) | AIR GALON (3%) | ES KRISTAL (12%)
PKG GEPREK MEVVAH,35500.0,10266.462261853967,resep,71.08038799477757,39500.0,64.00895629910389,komponen,91.85866121285366,AIR GALON (1%) | ES KRISTAL (7%)
IJO,5000.0,1376.0,resep,72.48,5500.0,64.98181818181818,klien,100.0,
TEMPE CRISPY,7500.0,2046.6001072440824,resep,72.7119985700789,8500.0,65.92235167948138,komponen,92.18215618020984,TEMPE (8%)
INDOMIE MEVVAH,22000.0,5690.102483784871,resep,74.13589780097787,24500.0,66.77509190291889,klien,63.11538362592535,AIR GALON (2%) | TELUR (35%)
ORANGE,5000.0,1288.4764852189126,resep,74.23047029562176,5500.0,66.57315481420159,lantai,29.23374513200978,AIR GALON (20%) | ES KRISTAL (50%)
NASI,5000.0,1283.5151747290952,resep,74.3296965054181,5500.0,66.66336045947101,klien,91.36531640808617,AIR GALON (9%)
KEJU LUMER,5000.0,1217.8504468257368,resep,75.64299106348527,5500.0,67.85726460316842,klien,0.0,AIR GALON (1%) | BUBUK KEJU (99%)
MENU SAMBAL IJO PADANG,6500.0,1562.173442790389,resep,75.9665624186094,7500.0,69.17102076279483,komponen,100.0,
KEMASAN VARIAN INDOMIE,5500.0,1236.67,resep,77.51509090909092,6500.0,70.97430769230769,komponen,100.0,
KEMASAN VARIAN AYAM,6500.0,1432.67,resep,77.95892307692307,7500.0,70.89773333333333,komponen,100.0,
SAOS KEJU,6000.0,1217.8504468257368,resep,79.70249255290439,7000.0,72.60213647391805,komponen,0.0,AIR GALON (1%) | BUBUK KEJU (99%)
BARBEQUE,5000.0,729.8504468257366,resep,85.40299106348527,5500.0,76.72999187589569,klien,97.55423225355663,AIR GALON (2%)
PAKET BIG ORDER CRISPY MIX,59500.0,7660.0272772639055,resep,87.12600457602704,65500.0,78.30530186677265,komponen+lantai,89.08845303106273,AIR GALON (1%) | ES KRISTAL (9%)
SAOS BBQ,6000.0,729.8504468257366,resep,87.83582588623773,7000.0,79.57356504534661,komponen,97.55423225355663,AIR GALON (2%)
AIR GELAS,5000.0,550.0,harga beli,89.0,5500.0,80.0,klien,100.0,
TEMPE/BIJI,2000.0,159.99999999999997,resep,92.0,2500.0,83.6,klien,0.0,TEMPE (100%)
TAHU/BIJI,2000.0,90.0,resep,95.5,2500.0,86.4,klien,0.0,TAHU (100%)
SAMBAL TOMAT MALINO,6500.0,272.96106273778815,resep,95.80059903480326,7500.0,86.36051916349616,komponen,100.0,
Gift Card,50.0,0.0,harga beli,100.0,50.0,90.0,non-menu,0.0,harga beli produk itu sendiri
Top-up eWallet,50.0,0.0,harga beli,100.0,50.0,90.0,non-menu,0.0,harga beli produk itu sendiri
