id_product_template|nama|list_price_pra_R3
1|Tips|1.0
453|BERAS|1.0
454|BUMBU MARINASI|1.0
455|GARAM HALUS|1.0
456|CUKA|1.0
457|SAOS TIRAM|1.0
458|AYAM CUT 9|1.0
459|AYAM CUT 2|1.0
460|SANTAN KARA|1.0
461|BUBUK BBQ|1.0
462|BUBUK KEJU|1.0
463|SAMBAL IJO PADANG|1.0
464|SAMBAL RICA MANADO|1.0
465|SAMBAL KOREK SURABAYA|1.0
466|SANTAN SASA|1.0
467|SAOS SASET CABE|1.0
468|SAOS SASET TOMAT|1.0
469|TEPUNG MIX GEYUKSSS|1.0
470|MINYAK GORENG|1.0
471|MINYAK PADAT|1.0
472|KULIT AYAM|1.0
473|KECAP ABC|1.0
474|INDOMIE GORENG|1.0
475|TELUR|1.0
476|KEJU PARUT|1.0
477|KEJU MOZARELLA|1.0
478|BIHUN JAGUNG|1.0
479|BIG COLA|1.0
480|BUBUK ORANGES|1.0
481|BUBUK BLACKCURRENT|1.0
482|BUBUK MILO|1.0
483|LEMON TEA|8000.0
484|TEH MIX|1.0
485|GULA PASIR|1.0
486|SENDOK GARPU|1.0
487|ALAS NASI BUNDAR|1.0
488|GARPU PLASTIK|1.0
489|GELAS 14 OZ|1.0
490|KANTONG GELAS 1|1.0
491|KANTONG GELAS 2|1.0
492|KEMASAN GEPREK YUKSSS|1.0
493|KEMASAN SEGEPOK|1.0
494|MIKA BUNDAR|1.0
495|PEMBUNGKUS NASI PUTIH|1.0
496|PIPET|1.0
497|PLASTIK KLIP 8X5|1.0
498|PLASTIK PUTIH TAKEAWAY UK. 15|1.0
499|PLASTIK PUTIH TAKEAWAY UK. 24|1.0
500|PLASTIK PUTIH TAKEAWAY UK. 28|1.0
501|PLASTIK SEGEPOK|1.0
502|ROLL CUP PRESS|1.0
503|SENDOK PLASTIK|1.0
504|TRAY SAMBAL|1.0
505|THINWALL SAUCE 25 ML|1.0
506|THINWALL SAUCE 35 ML|1.0
507|KERTAS NASI KUNING|1.0
508|ALAT REFILL GAS PORTABLE|1.0
509|PIRING ROTAN|1.0
510|GELAS DINE IN|1.0
511|ROLL KASIR BESAR|1.0
512|ROLL KASIR KECIL|1.0
513|ROLL KASIR SEDANG|1.0
514|SARUNG TANGAN PLASTIK|1.0
515|TISSUE HAND TOWELS|1.0
516|BAJU SERAGAM GY|1.0
517|APRON KAIN GY|1.0
518|APRON KARET|1.0
519|TOPI GY|1.0
520|REGULATOR DEEP FRYER|1.0
521|REGULATOR HIGH PRESSURE|1.0
522|PEMANTIK PORTABLE|1.0
523|PENJEPIT AYAM|1.0
524|SARINGAN TEH|1.0
525|SARINGAN TEPUNG|1.0
526|THERMOMETER|1.0
527|TIMER DIGITAL|1.0
528|LAKBAN BENING|1.0
529|MASKER|1.0
530|SARUNG TANGAN MEDIS|1.0
531|KANTONG MERAH BESAR|1.0
532|PLASTIK SAMPAH 90 X 120|1.0
533|NOTA 1 FLY|1.0
534|LAMPU ETALASE|1.0
535|RINSO|1.0
536|CAIRAN CUCI PIRING|1.0
537|CAIRAN CUCI TANGAN|1.0
538|CAIRAN PEMBERSIH KACA|1.0
539|CAIRAN PEMBERSIH LANTAI|1.0
540|CAIRAN PEMBERSIH KERAK/TOILET|1.0
541|SABUN COLEK|1.0
542|HIT NYAMUK|1.0
543|AYAM CRISPY DADA/PAHA ATAS|11500.0
544|AYAM CRISPY PAHA BAWAH|9000.0
545|AYAM CRISPY SAYAP|9000.0
546|INDOMIE MEVVAH|11000.0
547|TELUR CRISPY|5000.0
548|TEMPE CRISPY|5000.0
549|TAHU CRISPY|5000.0
550|TERONG CRISPY|9000.0
551|TELUR DADAR/CEPLOK|5000.0
552|SAMBAL TOMAT MALINO|4000.0
553|NASI|4000.0
554|GEPREK SAOS BBQ DADA/PAHA ATAS|13000.0
555|GEPREK SAOS BBQ SAYAP/PAHA BAWAH|11000.0
556|GEPREK SAOS KEJU  DADA/PAHA ATAS|14000.0
557|GEPREK ORIGINAL DADA/PAHA ATAS|12000.0
558|GEPREK ORIGINAL SAYAP|16000.0
559|GEPREK ORIGINAL PAHA BAWAH|16000.0
560|GEPREK SAOS KEJU  SAYAP/PAHA BAWAH|12000.0
561|PAKET GEPREK SMOKEY BBQ (DADA/PAHA ATAS)|19000.0
562|PAKET GEPREK SMOKEY BBQ (SAYAP/PAHA BAWAH)|17000.0
563|PAKET GEPREK KEJU LUMER (DADA/PAHA ATAS)|19000.0
564|PAKET GEPREK KEJU LUMER (SAYAP/PAHA BAWAH)|17000.0
565|GEPREK ANDALAN + NASI|17000.0
566|PKG SAMBAL IJO PADANG (GEPREK SAMBAL +NASI)|19000.0
567|PKG SAMBAL KOREK SURABAYA (GEPREK SAMBAL +NASI)|19000.0
568|PKG SAMBAL RICA MANADO (GEPREK SAMBAL +NASI)|19000.0
569|PKG SAMBAL TOMAT MALINO (GEPREK SAMBAL + NASI)|19000.0
570|GEPREK KEJU|14000.0
571|GEPREK MOZAA|15000.0
572|PAKET KULIT CRISPY + NASI + MINUM|16000.0
573|GEPREK SAMBAL IJO PADANG|14500.0
574|GEPREK SAMBAL TOMAT MALINO|13000.0
575|GEPREK SAMBAL KOREK SURABAYA|14500.0
576|GEPREK SAMBAL RICA MANADO|14500.0
577|GEPREK BAKAR ANDALAN|14500.0
578|PKC (CRISPY DADA/PAHA ATAS+NASI+MINUM)|19000.0
579|PKC (SAYAP+NASI+MINUM)|16000.0
580|PKC (PAHA BAWAH+NASI+MINUM)|16000.0
581|PKG (AYAM GEPREK+ SAMBAL+NASI+ES TEH)|19000.0
582|PKC MIE (CRISPY DADA/PAHA ATAS+INDOMIE)|18000.0
583|PKC MIE (CRISPY SAYAP/PAHA BAWAH+INDOMIE)|15000.0
584|PKG MEVVAH (AYAM GEPREK+TELUR ORAK ARIK+INDOMIE MEVVAH)|22000.0
585|PKG MIE (AYAM GEPREK+SAMBAL LOKAL+INDOMIE)|16000.0
586|INDOMIE|5000.0
587|PARUTAN KEJU|8000.0
588|KULIT CRISPY|8000.0
589|SAOS KEJU|3500.0
590|SAOS BBQ|3500.0
591|BLACKCURRANT|7000.0
592|ICE CHOCOLATE|9000.0
593|ICE COLA|6000.0
594|ORANGE|4000.0
595|ES TEH|3000.0
596|PAKET AYAM CRISPY DADA/PAHA ATAS|17000.0
597|PAKET AYAM CRISPY PAHA BAWAH|14000.0
598|PAKET AYAM CRISPY SAYAP|14000.0
599|PAKET GEPREK BAKAR|40000.0
600|PAKET GEPREK LUMER|19000.0
601|PKG GEPREK BAKAR ANDALAN|19000.0
602|PKG GEPREK MEVVAH|22000.0
603|PKG SAMBAL IJO PADANG|19000.0
604|PKG SAMBAL KOREK SURABAYA|19000.0
605|PKG SAMBAL ORI DADA/PAHA ATAS|19000.0
606|PKG SAMBAL ORI PAHA BAWAH|17000.0
607|PKG SAMBAL ORI SAYAP|17000.0
608|PKG SAMBAL RICA MANADO|19000.0
609|PKG SMOKEY BBQ|19000.0
610|AYAM SEGEPOK SINGLE|69000.0
611|PAKET AYAM SEGEPOK BEREMPAT|99000.0
612|SEGEPOK BERLIMA|102000.0
613|GEPREK SAOS KEJU LUMER|14500.0
614|GEPREK SMOKEY BBQ|14500.0
615|PAKET INDOMIE CRISPY DADA/PAHA ATAS|18000.0
616|PAKET INDOMIE CRISPY PAHA BAWAH|15000.0
617|PKG INDOMIE CRISPY SAYAP|15000.0
618|PKG INDOMIE GEPREK SAMBAL LOKAL|16000.0
619|BIG HEMAT 1|15000.0
620|BIG HEMAT 2|15000.0
621|BIG HEMAT 3|14000.0
622|BIG HEMAT 4|15000.0
623|PAKET SETIA AC|28000.0
624|PAKET SETIA GO|28000.0
625|PAKET MEVVAH BERDUA|40000.0
626|PAKET YUKSSS MABAR|38000.0
627|YUKSSS RAMA 1|20000.0
628|YUKSSS RAMA 2|16000.0
629|YUKSSS RAMA 3|17000.0
630|PAKET KULIT CRISPY|12000.0
631|PKG LOKAL DUO|42000.0
632|PAKET BIG ORDER CRISPY MIX|48000.0
633|MOZZARELLA|13000.0
634|KEMASAN VARIAN AYAM|4000.0
635|KEMASAN VARIAN INDOMIE|1977.0
636|MENU SAMBAL IJO PADANG|4000.0
637|MENU SAMBAL KOREK SURABAYA|7000.0
638|MENU SAMBAL ORIGINAL|7000.0
639|MENU SAMBAL RICA MANADO|6000.0
640|AIR GALON|1.0
641|AIR GELAS|3000.0
642|BUBUK LEMON TEA|1.0
643|BUMBU C|1.0
644|ES KRISTAL|1.0
645|TEMPE|1.0
646|TAHU|1.0
647|GELAS 22 OZ|1.0
648|AIR MINERAL BOTOL|1.0
649|NUGGET AYAM|1.0
650|SAMBAL RICA MANADO|1.0
651|SAMBAL IJO PADANG|1.0
652|SAMBAL KOREK SURABAYA|1.0
653|Gift Card|50.0
654|Top-up eWallet|50.0
