Favorit,Nama,Referensi Internal,Harga Jual,Modal,Kuantitas Di Tangan,Forecasted Quantity,Unit Pembelian,Dekorasi Pengecualian Aktivitas,Dibuat oleh,ID Eksternal
False,AIR GALON,,1,0,-2.91,-2.91,GALON,,KEUANGAN,__export__.product_template_628_cf65244c
False,AIR MINERAL BOTOL,MI.01,5000,0,-5,-5,BTL,,KEUANGAN,__export__.product_template_512_a4b4fb7b
False,ALAS NASI BUNDAR,,1,0,1,1,IKAT @5BKS,,KEUANGAN,__export__.product_template_456_f559769d
False,ALAT REFILL GAS PORTABLE,,1,0,0,0,PCS,,KEUANGAN,__export__.product_template_477_f4023841
False,APRON KAIN GY,,1,0,0,0,LEMBAR,,KEUANGAN,__export__.product_template_486_61f4f941
False,APRON KARET,,1,0,0,0,LEMBAR,,KEUANGAN,__export__.product_template_487_42f69523
False,AYAM CUT 2,,1,0,0,0,BKS @1PTG,,KEUANGAN,__export__.product_template_428_184af982
False,AYAM CUT 9,,1,0,0,0,BKS @9PTG,,KEUANGAN,__export__.product_template_427_3c2e8511
False,BAJU SERAGAM GY,,1,0,0,0,LEMBAR,,KEUANGAN,__export__.product_template_485_328a1112
False,BERAS,,1,0,-0.15,-0.15,ZAK @25KG,,KEUANGAN,__export__.product_template_422_5ae6b416
False,BIG COLA,,1,0,0,0,"BTL @3,1LTR",,KEUANGAN,__export__.product_template_448_ef886fd3
False,BIHUN JAGUNG,,1,0,0,0,BKS @300GRM,,KEUANGAN,__export__.product_template_447_d5fb62a4
False,BLACKCURRANT,,1,0,0,0,GELAS,,KEUANGAN,__export__.product_template_622_5e9bb23c
False,BUBUK BBQ,,1,0,0,0,BKS @1KG,,KEUANGAN,__export__.product_template_430_f92150da
False,BUBUK BLACKCURRENT,,1,0,0,0,BKS @750GRM,,KEUANGAN,__export__.product_template_450_f3202a3e
False,BUBUK KEJU,,1,0,0,0,BKS @1KG,,KEUANGAN,__export__.product_template_431_dde4e373
False,BUBUK LEMON TEA,,1,0,0,0,BKS @1KG,,KEUANGAN,__export__.product_template_452_15598d2a
False,BUBUK MILO,,1,0,0,0,BKS @950GRM,,KEUANGAN,__export__.product_template_451_d084015d
False,BUBUK ORANGES,,1,0,0,0,DUS @12BKS-560GRM,,KEUANGAN,__export__.product_template_449_e28a8c3b
False,BUMBU C,,1,0,0,0,BKS @1KG,,KEUANGAN,__export__.product_template_636_248d9bfa
False,BUMBU MARINASI,,1,0,0,0,BKS @1KG,,KEUANGAN,__export__.product_template_423_9d890e74
False,CAIRAN CUCI PIRING,,1,0,0,0,JRG @5LTR,,KEUANGAN,__export__.product_template_505_477ad72e
False,CAIRAN CUCI TANGAN,,1,0,0,0,BKS @300MIL,,KEUANGAN,__export__.product_template_506_e6ff4e0c
False,CAIRAN PEMBERSIH KACA,,1,0,0,0,BKS @425MIL,,KEUANGAN,__export__.product_template_507_6f85d818
False,CAIRAN PEMBERSIH KERAK/TOILET,,1,0,0,0,BTL @1LTR,,KEUANGAN,__export__.product_template_509_43d55019
False,CAIRAN PEMBERSIH LANTAI,,1,0,0,0,BKS @770MIL,,KEUANGAN,__export__.product_template_508_9707126c
False,CUKA,,1,0,-0.57,-0.57,BTL @650MIL,,KEUANGAN,__export__.product_template_425_fe004c09
False,Down Payment (POS),,0,0,0,0,Unit,,OdooBot,pos_sale.default_downpayment_product_product_template
False,ES KRISTAL,,1,0,0,0,BKS@20KG,,KEUANGAN,__export__.product_template_629_9ada7850
False,ES TEH,,3000,0,-24,-24,GELAS,,KEUANGAN,__export__.product_template_627_04ec7633
False,GARAM HALUS,,1,0,-0.15,-0.15,BKS @500GRM,,KEUANGAN,__export__.product_template_424_46e7370a
False,GARPU PLASTIK,,1,0,0,0,BKS @100PCS,,KEUANGAN,__export__.product_template_457_0733f9b1
False,GELAS 14 OZ,,1,0,0,0,BKS @50PCS,,KEUANGAN,__export__.product_template_458_76f0543e
False,GELAS 22 OZ,,1,0,0,0,BKS @25PCS,,KEUANGAN,__export__.product_template_513_0fcd9dd5
False,GELAS DINE IN,,1,0,0,0,LSN @12PCS,,KEUANGAN,__export__.product_template_479_9a97e65e
False,GULA PASIR,,1,0,0,0,KTG @1KG,,KEUANGAN,__export__.product_template_454_eb8fb12c
False,HIT NYAMUK,,1,0,0,0,BTL,,KEUANGAN,__export__.product_template_511_17823cfe
False,INDOMIE GORENG,,1,0,0,0,DUS @40BKS,,KEUANGAN,__export__.product_template_443_bd07f516
False,KANTONG GELAS 1,,1,0,0,0,BKS @50LBR,,KEUANGAN,__export__.product_template_459_0c9c7b13
False,KANTONG GELAS 2,,1,0,0,0,BKS @50LBR,,KEUANGAN,__export__.product_template_460_c9b4cd42
False,KANTONG MERAH BESAR,,1,0,0,0,BKS @50LBR,,KEUANGAN,__export__.product_template_500_5add9a2b
False,KECAP ABC,,1,0,0,0,JRG @5LTR,,KEUANGAN,__export__.product_template_442_f11f61ed
False,KEJU MOZARELLA,,1,0,0,0,BKS @1KG,,KEUANGAN,__export__.product_template_446_43264a07
False,KEJU PARUT,,1,0,0,0,PCS @165GRM,,KEUANGAN,__export__.product_template_445_2da8509f
False,KEMASAN GEPREK YUKSSS,,1,0,0,0,RIM @500LBR,,KEUANGAN,__export__.product_template_461_299d5fcd
False,KEMASAN SEGEPOK,,1,0,0,0,RIM @200LBR,,KEUANGAN,__export__.product_template_462_7fd19218
False,KERTAS NASI KUNING,,1,0,0,0,BKS @210LBR,,KEUANGAN,__export__.product_template_476_5095a410
False,KULIT AYAM,,1,0,0,0,BKS @1KG,,KEUANGAN,__export__.product_template_441_4224c952
False,LAKBAN BENING,,1,0,0,0,PCS,,KEUANGAN,__export__.product_template_497_12d0d09c
False,LAMPU ETALASE,,1,0,0,0,PCS,,KEUANGAN,__export__.product_template_503_77a1773b
False,MASKER,,1,0,0,0,BOX @50LBR,,KEUANGAN,__export__.product_template_498_e8ed4cc2
False,MIKA BUNDAR,,1,0,0,0,BKS @50PCS,,KEUANGAN,__export__.product_template_463_315c40fe
False,MINYAK GORENG,,1,0,-0.02,-0.02,DUS @12LTR,,KEUANGAN,__export__.product_template_439_5633cb45
False,MINYAK PADAT,,1,0,0,0,DUS @15KG,,KEUANGAN,__export__.product_template_440_99f5621f
False,NOTA 1 FLY,,1,0,0,0,PCS,,KEUANGAN,__export__.product_template_502_a2ccb345
False,PEMANTIK PORTABLE,,1,0,0,0,PCS,,KEUANGAN,__export__.product_template_491_b55cbe7d
False,PEMBUNGKUS NASI PUTIH,,1,0,0,0,BKS @100LBR,,KEUANGAN,__export__.product_template_464_25d745ce
False,PENJEPIT AYAM,,1,0,0,0,PCS,,KEUANGAN,__export__.product_template_492_4fbb9936
False,PIPET,,1,0,0,0,BKS @360PCS,,KEUANGAN,__export__.product_template_465_82e9f26d
False,PIRING ROTAN,,1,0,0,0,LSN @12PCS,,KEUANGAN,__export__.product_template_478_c1aaeb5f
False,PLASTIK KLIP 8X5,,1,0,0,0,PACK @10BKS-100 LEMBAR,,KEUANGAN,__export__.product_template_466_5552af81
False,PLASTIK PUTIH TAKEAWAY UK. 15,,1,0,0,0,IKAT @5BKS.50LBR,,KEUANGAN,__export__.product_template_467_66b4f189
False,PLASTIK PUTIH TAKEAWAY UK. 24,,1,0,0,0,IKAT @10BKS.50LBR,,KEUANGAN,__export__.product_template_468_d434a426
False,PLASTIK PUTIH TAKEAWAY UK. 28,,1,0,0,0,BKS @50LBR,,KEUANGAN,__export__.product_template_469_1b3d10b3
False,PLASTIK SAMPAH 90 X 120,,1,0,0,0,BKS @5LBR,,KEUANGAN,__export__.product_template_501_243018a4
False,PLASTIK SEGEPOK,,1,0,0,0,BKS @50LBR,,KEUANGAN,__export__.product_template_470_2dffbe5b
False,REGULATOR DEEP FRYER,,1,0,0,0,PCS,,KEUANGAN,__export__.product_template_489_92098808
False,REGULATOR HIGH PRESSURE,,1,0,0,0,PCS,,KEUANGAN,__export__.product_template_490_5567bd8d
False,RINSO,,1,0,0,0,BKS @380GRM,,KEUANGAN,__export__.product_template_504_376c4180
False,ROLL CUP PRESS,,1,0,0,0,ROLL @2000PCS,,KEUANGAN,__export__.product_template_471_a28e983b
False,ROLL KASIR BESAR,,1,0,0,0,BKS @5PCS,,KEUANGAN,__export__.product_template_480_6dcf4ec8
False,ROLL KASIR KECIL,,1,0,0,0,BKS @10PCS,,KEUANGAN,__export__.product_template_481_1e3790aa
False,ROLL KASIR SEDANG,,1,0,0,0,BKS @10PCS,,KEUANGAN,__export__.product_template_482_98acc332
False,SABUN COLEK,,1,0,0,0,BKS @380GRM,,KEUANGAN,__export__.product_template_510_27200c61
False,SAMBAL IJO PADANG,,1,0,0,0,BKS @1KG,,KEUANGAN,__export__.product_template_432_e070657f
False,SAMBAL KOREK SURABAYA,,1,0,0,0,BKS @1KG,,KEUANGAN,__export__.product_template_434_552b80c6
False,SAMBAL RICA MANADO,,1,0,0,0,BKS @1KG,,KEUANGAN,__export__.product_template_433_fe9eaa21
False,SAMBAL TOMAT MALINO,,1,0,0,0,PORSI,,KEUANGAN,__export__.product_template_580_c33258e8
False,SANTAN KARA,,1,0,0,0,DUS @36PCS,,KEUANGAN,__export__.product_template_429_788f72b6
False,SANTAN SASA,,1,0,0,0,DUS @32PCS,,KEUANGAN,__export__.product_template_435_df66514c
False,SAOS SASET CABE,,1,0,0,0,DUS @30BKS,,KEUANGAN,__export__.product_template_436_36de7402
False,SAOS SASET TOMAT,,1,0,0,0,DUS @30BKS,,KEUANGAN,__export__.product_template_437_f77a8912
False,SAOS TIRAM,,1,0,0,0,BTL @1LTR,,KEUANGAN,__export__.product_template_426_15bcd405
False,SARINGAN TEH,,1,0,0,0,PCS,,KEUANGAN,__export__.product_template_493_12ca15c0
False,SARINGAN TEPUNG,,1,0,0,0,PCS,,KEUANGAN,__export__.product_template_494_cdef3bc9
False,SARUNG TANGAN MEDIS,,1,0,0,0,BOX @100LBR,,KEUANGAN,__export__.product_template_499_5cf94978
False,SARUNG TANGAN PLASTIK,,1,0,0,0,BKS @100LBR,,KEUANGAN,__export__.product_template_483_625f7e32
False,SENDOK GARPU,,1,0,0,0,BKS @100PCS,,KEUANGAN,__export__.product_template_455_8ae93648
False,SENDOK PLASTIK,,1,0,0,0,BKS @100PCS,,KEUANGAN,__export__.product_template_472_d5a703e8
False,TAHU,,1,0,0,0,BIJI @2PTG,,KEUANGAN,__export__.product_template_630_fce433a7
False,TEH MIX,,1,0,0,0,"KTG @2,3KG",,KEUANGAN,__export__.product_template_453_303e73f8
False,TELUR,,1,0,0,0,RAK @30BTR,,KEUANGAN,__export__.product_template_444_dca7d18f
False,TEMPE,,1,0,0,0,BKS @16PTG,,KEUANGAN,__export__.product_template_637_7aee9a75
False,TEPUNG MIX GEYUKSSS,,1,0,0,0,ZAK @25KG,,KEUANGAN,__export__.product_template_438_4a40f6db
False,THERMOMETER,,1,0,0,0,PCS,,KEUANGAN,__export__.product_template_495_0e5a9ecb
False,THINWALL SAUCE 25 ML,,1,0,0,0,BKS @50PCS,,KEUANGAN,__export__.product_template_474_5f690518
False,THINWALL SAUCE 35 ML,,1,0,0,0,BKS @50PCS,,KEUANGAN,__export__.product_template_475_eff3b829
False,TIMER DIGITAL,,1,0,0,0,PCS,,KEUANGAN,__export__.product_template_496_dc0a06e3
False,TISSUE HAND TOWELS,,1,0,0,0,DUS @24PACK,,KEUANGAN,__export__.product_template_484_64bb3835
False,TOPI GY,,1,0,0,0,PCS,,KEUANGAN,__export__.product_template_488_69a1932e
False,TRAY SAMBAL,,1,0,0,0,BKS @600PCS,,KEUANGAN,__export__.product_template_473_d402e3ce
